model,supercomputer,supercomputer_15
regression,5.457000000000001,4.932999999999993
elastic net,11.305000000000001,2.8999999999999773
random forests,58.825,16.923999999999978
xgboost,245.95000000000002,23.254999999999995
